pathway_id	pathway_description	pvalue	cancer_group	gene_parsed_by	percentile
hsa00071	Fatty acid degradation	0.006993006993006993	Medullo	FOLH1	30
hsa04910	Insulin signaling pathway	0.006993006993006993	Medullo	FOLH1	30
hsa04726	Serotonergic synapse	0.014985014985014986	Medullo	FOLH1	30
hsa04064	NF-kappa B signaling pathway	0.02197802197802198	Medullo	FOLH1	30
hsa04152	AMPK signaling pathway	0.025974025974025976	Medullo	FOLH1	30
hsa00480	Glutathione metabolism	0.03296703296703297	Medullo	FOLH1	30
hsa00051	Fructose and mannose metabolism	0.03896103896103896	Medullo	FOLH1	30
hsa00970	Aminoacyl-tRNA biosynthesis	0.04695304695304695	Medullo	FOLH1	30
hsa04622	RIG-I-like receptor signaling pathway	0.04695304695304695	Medullo	FOLH1	30
hsa04721	Synaptic vesicle cycle	0.04795204795204795	Medullo	FOLH1	30
hsa03410	Base excision repair	0.04895104895104895	Medullo	FOLH1	30
hsa04916	Melanogenesis	0.052947052947052944	Medullo	FOLH1	30
hsa04750	Inflammatory mediator regulation of TRP channels	0.054945054945054944	Medullo	FOLH1	30
hsa04961	Endocrine and other factor-regulated calcium reabsorption	0.055944055944055944	Medullo	FOLH1	30
hsa04978	Mineral absorption	0.057942057942057944	Medullo	FOLH1	30
hsa00982	Drug metabolism - cytochrome P450	0.07092907092907093	Medullo	FOLH1	30
hsa04550	Signaling pathways regulating pluripotency of stem cells	0.07092907092907093	Medullo	FOLH1	30
hsa01200	Carbon metabolism	0.07392607392607392	Medullo	FOLH1	30
hsa04380	Osteoclast differentiation	0.09090909090909091	Medullo	FOLH1	30
hsa04060	Cytokine-cytokine receptor interaction	0.0919080919080919	Medullo	FOLH1	30
hsa00010	Glycolysis / Gluconeogenesis	0.0959040959040959	Medullo	FOLH1	30
hsa00270	Cysteine and methionine metabolism	0.0979020979020979	Medullo	FOLH1	30
hsa04066	HIF-1 signaling pathway	0.0979020979020979	Medullo	FOLH1	30
hsa04668	TNF signaling pathway	0.0999000999000999	Medullo	FOLH1	30
hsa04911	Insulin secretion	0.10789210789210789	Medullo	FOLH1	30
hsa04713	Circadian entrainment	0.11188811188811189	Medullo	FOLH1	30
hsa04640	Hematopoietic cell lineage	0.11588411588411589	Medullo	FOLH1	30
hsa00190	Oxidative phosphorylation	0.1258741258741259	Medullo	FOLH1	30
hsa04660	T cell receptor signaling pathway	0.13086913086913088	Medullo	FOLH1	30
hsa04010	MAPK signaling pathway	0.14285714285714285	Medullo	FOLH1	30
hsa00310	Lysine degradation	0.15484515484515485	Medullo	FOLH1	30
hsa04144	Endocytosis	0.15984015984015984	Medullo	FOLH1	30
hsa04360	Axon guidance	0.16483516483516483	Medullo	FOLH1	30
hsa04621	NOD-like receptor signaling pathway	0.16783216783216784	Medullo	FOLH1	30
hsa04730	Long-term depression	0.17282717282717283	Medullo	FOLH1	30
hsa00561	Glycerolipid metabolism	0.17682317682317683	Medullo	FOLH1	30
hsa04620	Toll-like receptor signaling pathway	0.18581418581418582	Medullo	FOLH1	30
hsa04146	Peroxisome	0.1918081918081918	Medullo	FOLH1	30
hsa04723	Retrograde endocannabinoid signaling	0.1928071928071928	Medullo	FOLH1	30
hsa04540	Gap junction	0.1968031968031968	Medullo	FOLH1	30
hsa04728	Dopaminergic synapse	0.1968031968031968	Medullo	FOLH1	30
hsa04151	PI3K-Akt signaling pathway	0.19880119880119881	Medullo	FOLH1	30
hsa00030	Pentose phosphate pathway	0.1998001998001998	Medullo	FOLH1	30
hsa04150	mTOR signaling pathway	0.2007992007992008	Medullo	FOLH1	30
hsa04630	Jak-STAT signaling pathway	0.2007992007992008	Medullo	FOLH1	30
hsa03050	Proteasome	0.2057942057942058	Medullo	FOLH1	30
hsa04610	Complement and coagulation cascades	0.2127872127872128	Medullo	FOLH1	30
hsa01230	Biosynthesis of amino acids	0.21478521478521478	Medullo	FOLH1	30
hsa04012	ErbB signaling pathway	0.22377622377622378	Medullo	FOLH1	30
hsa04080	Neuroactive ligand-receptor interaction	0.22377622377622378	Medullo	FOLH1	30
hsa04210	Apoptosis	0.22777222777222778	Medullo	FOLH1	30
hsa04918	Thyroid hormone synthesis	0.23076923076923078	Medullo	FOLH1	30
hsa00230	Purine metabolism	0.23176823176823177	Medullo	FOLH1	30
hsa00980	Metabolism of xenobiotics by cytochrome P450	0.24375624375624375	Medullo	FOLH1	30
hsa04912	GnRH signaling pathway	0.24775224775224775	Medullo	FOLH1	30
hsa04662	B cell receptor signaling pathway	0.25574425574425574	Medullo	FOLH1	30
hsa04145	Phagosome	0.2707292707292707	Medullo	FOLH1	30
hsa04611	Platelet activation	0.2707292707292707	Medullo	FOLH1	30
hsa00562	Inositol phosphate metabolism	0.2787212787212787	Medullo	FOLH1	30
hsa04722	Neurotrophin signaling pathway	0.2827172827172827	Medullo	FOLH1	30
hsa04070	Phosphatidylinositol signaling system	0.3016983016983017	Medullo	FOLH1	30
hsa01212	Fatty acid metabolism	0.3026973026973027	Medullo	FOLH1	30
hsa03010	Ribosome	0.3076923076923077	Medullo	FOLH1	30
hsa00020	Citrate cycle (TCA cycle)	0.3156843156843157	Medullo	FOLH1	30
hsa00565	Ether lipid metabolism	0.3156843156843157	Medullo	FOLH1	30
hsa04623	Cytosolic DNA-sensing pathway	0.32167832167832167	Medullo	FOLH1	30
hsa04512	ECM-receptor interaction	0.32867132867132864	Medullo	FOLH1	30
hsa04725	Cholinergic synapse	0.32867132867132864	Medullo	FOLH1	30
hsa00240	Pyrimidine metabolism	0.32967032967032966	Medullo	FOLH1	30
hsa04921	Oxytocin signaling pathway	0.33266733266733267	Medullo	FOLH1	30
hsa03018	RNA degradation	0.3356643356643357	Medullo	FOLH1	30
hsa04727	GABAergic synapse	0.3436563436563437	Medullo	FOLH1	30
hsa00564	Glycerophospholipid metabolism	0.34665334665334663	Medullo	FOLH1	30
hsa04920	Adipocytokine signaling pathway	0.35064935064935066	Medullo	FOLH1	30
hsa04068	FoxO signaling pathway	0.35664335664335667	Medullo	FOLH1	30
hsa03008	Ribosome biogenesis in eukaryotes	0.36063936063936064	Medullo	FOLH1	30
hsa00350	Tyrosine metabolism	0.36663336663336665	Medullo	FOLH1	30
hsa00052	Galactose metabolism	0.3706293706293706	Medullo	FOLH1	30
hsa00340	Histidine metabolism	0.3806193806193806	Medullo	FOLH1	30
hsa04142	Lysosome	0.3866133866133866	Medullo	FOLH1	30
hsa00330	Arginine and proline metabolism	0.38961038961038963	Medullo	FOLH1	30
hsa00600	Sphingolipid metabolism	0.3946053946053946	Medullo	FOLH1	30
hsa03320	PPAR signaling pathway	0.41058941058941056	Medullo	FOLH1	30
hsa04922	Glucagon signaling pathway	0.41358641358641357	Medullo	FOLH1	30
hsa00280	Valine, leucine and isoleucine degradation	0.41858141858141856	Medullo	FOLH1	30
hsa00250	Alanine, aspartate and glutamate metabolism	0.42157842157842157	Medullo	FOLH1	30
hsa04340	Hedgehog signaling pathway	0.4245754245754246	Medullo	FOLH1	30
hsa04724	Glutamatergic synapse	0.4305694305694306	Medullo	FOLH1	30
hsa04964	Proximal tubule bicarbonate reclamation	0.43156843156843155	Medullo	FOLH1	30
hsa04915	Estrogen signaling pathway	0.4325674325674326	Medullo	FOLH1	30
hsa00620	Pyruvate metabolism	0.44755244755244755	Medullo	FOLH1	30
hsa00500	Starch and sucrose metabolism	0.4485514485514486	Medullo	FOLH1	30
hsa04390	Hippo signaling pathway	0.4835164835164835	Medullo	FOLH1	30
hsa04974	Protein digestion and absorption	0.4875124875124875	Medullo	FOLH1	30
hsa04664	Fc epsilon RI signaling pathway	0.4885114885114885	Medullo	FOLH1	30
hsa00590	Arachidonic acid metabolism	0.48951048951048953	Medullo	FOLH1	30
hsa04612	Antigen processing and presentation	0.48951048951048953	Medullo	FOLH1	30
hsa04270	Vascular smooth muscle contraction	0.5004995004995005	Medullo	FOLH1	30
hsa04514	Cell adhesion molecules (CAMs)	0.5004995004995005	Medullo	FOLH1	30
hsa04014	Ras signaling pathway	0.5054945054945055	Medullo	FOLH1	30
hsa04510	Focal adhesion	0.5054945054945055	Medullo	FOLH1	30
hsa04720	Long-term potentiation	0.5064935064935064	Medullo	FOLH1	30
hsa00520	Amino sugar and nucleotide sugar metabolism	0.5134865134865135	Medullo	FOLH1	30
hsa04917	Prolactin signaling pathway	0.5224775224775224	Medullo	FOLH1	30
hsa04962	Vasopressin-regulated water reabsorption	0.5674325674325674	Medullo	FOLH1	30
hsa04650	Natural killer cell mediated cytotoxicity	0.5724275724275725	Medullo	FOLH1	30
hsa03013	RNA transport	0.5734265734265734	Medullo	FOLH1	30
hsa04120	Ubiquitin mediated proteolysis	0.5784215784215784	Medullo	FOLH1	30
hsa04960	Aldosterone-regulated sodium reabsorption	0.5814185814185814	Medullo	FOLH1	30
hsa04260	Cardiac muscle contraction	0.5844155844155844	Medullo	FOLH1	30
hsa04071	Sphingolipid signaling pathway	0.6093906093906094	Medullo	FOLH1	30
hsa00510	N-Glycan biosynthesis	0.6133866133866134	Medullo	FOLH1	30
hsa04810	Regulation of actin cytoskeleton	0.6233766233766234	Medullo	FOLH1	30
hsa04972	Pancreatic secretion	0.6333666333666333	Medullo	FOLH1	30
hsa04520	Adherens junction	0.6463536463536463	Medullo	FOLH1	30
hsa04115	p53 signaling pathway	0.6473526473526473	Medullo	FOLH1	30
hsa04971	Gastric acid secretion	0.6583416583416584	Medullo	FOLH1	30
hsa04062	Chemokine signaling pathway	0.6613386613386614	Medullo	FOLH1	30
hsa04024	cAMP signaling pathway	0.6683316683316683	Medullo	FOLH1	30
hsa03030	DNA replication	0.6773226773226774	Medullo	FOLH1	30
hsa03022	Basal transcription factors	0.6843156843156843	Medullo	FOLH1	30
hsa03020	RNA polymerase	0.6863136863136863	Medullo	FOLH1	30
hsa04130	SNARE interactions in vesicular transport	0.6903096903096904	Medullo	FOLH1	30
hsa04666	Fc gamma R-mediated phagocytosis	0.6903096903096904	Medullo	FOLH1	30
hsa04919	Thyroid hormone signaling pathway	0.6943056943056943	Medullo	FOLH1	30
hsa04020	Calcium signaling pathway	0.7012987012987013	Medullo	FOLH1	30
hsa04310	Wnt signaling pathway	0.7012987012987013	Medullo	FOLH1	30
hsa04350	TGF-beta signaling pathway	0.7032967032967034	Medullo	FOLH1	30
hsa04914	Progesterone-mediated oocyte maturation	0.7262737262737263	Medullo	FOLH1	30
hsa04022	cGMP-PKG signaling pathway	0.7292707292707292	Medullo	FOLH1	30
hsa00260	Glycine, serine and threonine metabolism	0.7612387612387612	Medullo	FOLH1	30
hsa04970	Salivary secretion	0.7802197802197802	Medullo	FOLH1	30
hsa04370	VEGF signaling pathway	0.7882117882117882	Medullo	FOLH1	30
hsa04114	Oocyte meiosis	0.8001998001998002	Medullo	FOLH1	30
hsa00410	beta-Alanine metabolism	0.8101898101898102	Medullo	FOLH1	30
hsa04141	Protein processing in endoplasmic reticulum	0.8121878121878122	Medullo	FOLH1	30
hsa04710	Circadian rhythm	0.8131868131868132	Medullo	FOLH1	30
hsa03420	Nucleotide excision repair	0.8201798201798202	Medullo	FOLH1	30
hsa04976	Bile secretion	0.8271728271728271	Medullo	FOLH1	30
hsa04140	Regulation of autophagy	0.8481518481518482	Medullo	FOLH1	30
hsa03015	mRNA surveillance pathway	0.8631368631368631	Medullo	FOLH1	30
hsa04110	Cell cycle	0.8711288711288712	Medullo	FOLH1	30
hsa04530	Tight junction	0.8941058941058941	Medullo	FOLH1	30
hsa03040	Spliceosome	0.903096903096903	Medullo	FOLH1	30
hsa00563	Glycosylphosphatidylinositol(GPI)-anchor biosynthesis	0.906093906093906	Medullo	FOLH1	30
hsa04913	Ovarian steroidogenesis	0.919080919080919	Medullo	FOLH1	30
hsa04015	Rap1 signaling pathway	0.9310689310689311	Medullo	FOLH1	30
hsa04261	Adrenergic signaling in cardiomyocytes	0.954045954045954	Medullo	FOLH1	30
hsa04670	Leukocyte transendothelial migration	0.9920079920079921	Medullo	FOLH1	30
hsa04330	Notch signaling pathway	0.999000999000999	Medullo	FOLH1	30
hsa00010	Glycolysis / Gluconeogenesis	9.99000999000999e-4	EPN	FOLH1	40
hsa04066	HIF-1 signaling pathway	9.99000999000999e-4	EPN	FOLH1	40
hsa04120	Ubiquitin mediated proteolysis	9.99000999000999e-4	EPN	FOLH1	40
hsa04621	NOD-like receptor signaling pathway	9.99000999000999e-4	EPN	FOLH1	40
hsa04630	Jak-STAT signaling pathway	9.99000999000999e-4	EPN	FOLH1	40
hsa04668	TNF signaling pathway	9.99000999000999e-4	EPN	FOLH1	40
hsa04913	Ovarian steroidogenesis	9.99000999000999e-4	EPN	FOLH1	40
hsa00350	Tyrosine metabolism	0.001998001998001998	EPN	FOLH1	40
hsa04070	Phosphatidylinositol signaling system	0.001998001998001998	EPN	FOLH1	40
hsa04730	Long-term depression	0.001998001998001998	EPN	FOLH1	40
hsa04623	Cytosolic DNA-sensing pathway	0.002997002997002997	EPN	FOLH1	40
hsa04917	Prolactin signaling pathway	0.002997002997002997	EPN	FOLH1	40
hsa00230	Purine metabolism	0.003996003996003996	EPN	FOLH1	40
hsa01200	Carbon metabolism	0.003996003996003996	EPN	FOLH1	40
hsa04060	Cytokine-cytokine receptor interaction	0.003996003996003996	EPN	FOLH1	40
hsa04080	Neuroactive ligand-receptor interaction	0.003996003996003996	EPN	FOLH1	40
hsa04910	Insulin signaling pathway	0.003996003996003996	EPN	FOLH1	40
hsa03320	PPAR signaling pathway	0.004995004995004995	EPN	FOLH1	40
hsa04310	Wnt signaling pathway	0.004995004995004995	EPN	FOLH1	40
hsa04370	VEGF signaling pathway	0.004995004995004995	EPN	FOLH1	40
hsa03013	RNA transport	0.005994005994005994	EPN	FOLH1	40
hsa04540	Gap junction	0.005994005994005994	EPN	FOLH1	40
hsa04670	Leukocyte transendothelial migration	0.005994005994005994	EPN	FOLH1	40
hsa04962	Vasopressin-regulated water reabsorption	0.006993006993006993	EPN	FOLH1	40
hsa03010	Ribosome	0.008991008991008992	EPN	FOLH1	40
hsa04020	Calcium signaling pathway	0.008991008991008992	EPN	FOLH1	40
hsa04022	cGMP-PKG signaling pathway	0.008991008991008992	EPN	FOLH1	40
hsa04390	Hippo signaling pathway	0.008991008991008992	EPN	FOLH1	40
hsa01212	Fatty acid metabolism	0.00999000999000999	EPN	FOLH1	40
hsa04010	MAPK signaling pathway	0.00999000999000999	EPN	FOLH1	40
hsa04068	FoxO signaling pathway	0.00999000999000999	EPN	FOLH1	40
hsa04380	Osteoclast differentiation	0.00999000999000999	EPN	FOLH1	40
hsa00562	Inositol phosphate metabolism	0.01098901098901099	EPN	FOLH1	40
hsa04145	Phagosome	0.01098901098901099	EPN	FOLH1	40
hsa04810	Regulation of actin cytoskeleton	0.01098901098901099	EPN	FOLH1	40
hsa00564	Glycerophospholipid metabolism	0.011988011988011988	EPN	FOLH1	40
hsa04015	Rap1 signaling pathway	0.011988011988011988	EPN	FOLH1	40
hsa04726	Serotonergic synapse	0.011988011988011988	EPN	FOLH1	40
hsa00071	Fatty acid degradation	0.012987012987012988	EPN	FOLH1	40
hsa03040	Spliceosome	0.012987012987012988	EPN	FOLH1	40
hsa00330	Arginine and proline metabolism	0.013986013986013986	EPN	FOLH1	40
hsa03008	Ribosome biogenesis in eukaryotes	0.013986013986013986	EPN	FOLH1	40
hsa04611	Platelet activation	0.013986013986013986	EPN	FOLH1	40
hsa04974	Protein digestion and absorption	0.013986013986013986	EPN	FOLH1	40
hsa00190	Oxidative phosphorylation	0.014985014985014986	EPN	FOLH1	40
hsa04141	Protein processing in endoplasmic reticulum	0.015984015984015984	EPN	FOLH1	40
hsa04550	Signaling pathways regulating pluripotency of stem cells	0.015984015984015984	EPN	FOLH1	40
hsa04622	RIG-I-like receptor signaling pathway	0.015984015984015984	EPN	FOLH1	40
hsa04151	PI3K-Akt signaling pathway	0.016983016983016984	EPN	FOLH1	40
hsa04662	B cell receptor signaling pathway	0.016983016983016984	EPN	FOLH1	40
hsa00250	Alanine, aspartate and glutamate metabolism	0.017982017982017984	EPN	FOLH1	40
hsa00280	Valine, leucine and isoleucine degradation	0.017982017982017984	EPN	FOLH1	40
hsa00640	Propanoate metabolism	0.017982017982017984	EPN	FOLH1	40
hsa04062	Chemokine signaling pathway	0.017982017982017984	EPN	FOLH1	40
hsa04970	Salivary secretion	0.01898101898101898	EPN	FOLH1	40
hsa04360	Axon guidance	0.01998001998001998	EPN	FOLH1	40
hsa04340	Hedgehog signaling pathway	0.02197802197802198	EPN	FOLH1	40
hsa04650	Natural killer cell mediated cytotoxicity	0.02197802197802198	EPN	FOLH1	40
hsa04722	Neurotrophin signaling pathway	0.02197802197802198	EPN	FOLH1	40
hsa04971	Gastric acid secretion	0.02197802197802198	EPN	FOLH1	40
hsa04666	Fc gamma R-mediated phagocytosis	0.022977022977022976	EPN	FOLH1	40
hsa00240	Pyrimidine metabolism	0.024975024975024976	EPN	FOLH1	40
hsa04210	Apoptosis	0.025974025974025976	EPN	FOLH1	40
hsa03018	RNA degradation	0.026973026973026972	EPN	FOLH1	40
hsa04514	Cell adhesion molecules (CAMs)	0.026973026973026972	EPN	FOLH1	40
hsa04144	Endocytosis	0.030969030969030968	EPN	FOLH1	40
hsa04720	Long-term potentiation	0.03196803196803197	EPN	FOLH1	40
hsa04972	Pancreatic secretion	0.03696303696303696	EPN	FOLH1	40
hsa04620	Toll-like receptor signaling pathway	0.03996003996003996	EPN	FOLH1	40
hsa04921	Oxytocin signaling pathway	0.03996003996003996	EPN	FOLH1	40
hsa00510	N-Glycan biosynthesis	0.04095904095904096	EPN	FOLH1	40
hsa04260	Cardiac muscle contraction	0.04095904095904096	EPN	FOLH1	40
hsa04660	T cell receptor signaling pathway	0.04195804195804196	EPN	FOLH1	40
hsa00260	Glycine, serine and threonine metabolism	0.04395604395604396	EPN	FOLH1	40
hsa03015	mRNA surveillance pathway	0.04395604395604396	EPN	FOLH1	40
hsa01230	Biosynthesis of amino acids	0.04495504495504495	EPN	FOLH1	40
hsa03460	Fanconi anemia pathway	0.04595404595404595	EPN	FOLH1	40
hsa04140	Regulation of autophagy	0.04595404595404595	EPN	FOLH1	40
hsa04610	Complement and coagulation cascades	0.04595404595404595	EPN	FOLH1	40
hsa04920	Adipocytokine signaling pathway	0.04595404595404595	EPN	FOLH1	40
hsa04064	NF-kappa B signaling pathway	0.04695304695304695	EPN	FOLH1	40
hsa04146	Peroxisome	0.05094905094905095	EPN	FOLH1	40
hsa00520	Amino sugar and nucleotide sugar metabolism	0.05194805194805195	EPN	FOLH1	40
hsa04612	Antigen processing and presentation	0.05194805194805195	EPN	FOLH1	40
hsa04114	Oocyte meiosis	0.055944055944055944	EPN	FOLH1	40
hsa04150	mTOR signaling pathway	0.056943056943056944	EPN	FOLH1	40
hsa04911	Insulin secretion	0.056943056943056944	EPN	FOLH1	40
hsa04672	Intestinal immune network for IgA production	0.057942057942057944	EPN	FOLH1	40
hsa00030	Pentose phosphate pathway	0.059940059940059943	EPN	FOLH1	40
hsa04510	Focal adhesion	0.059940059940059943	EPN	FOLH1	40
hsa00860	Porphyrin and chlorophyll metabolism	0.060939060939060936	EPN	FOLH1	40
hsa04915	Estrogen signaling pathway	0.060939060939060936	EPN	FOLH1	40
hsa04978	Mineral absorption	0.060939060939060936	EPN	FOLH1	40
hsa04960	Aldosterone-regulated sodium reabsorption	0.06293706293706294	EPN	FOLH1	40
hsa00565	Ether lipid metabolism	0.06993006993006994	EPN	FOLH1	40
hsa04270	Vascular smooth muscle contraction	0.06993006993006994	EPN	FOLH1	40
hsa00020	Citrate cycle (TCA cycle)	0.07192807192807193	EPN	FOLH1	40
hsa04330	Notch signaling pathway	0.07292707292707293	EPN	FOLH1	40
hsa04710	Circadian rhythm	0.07392607392607392	EPN	FOLH1	40
hsa04721	Synaptic vesicle cycle	0.07592407592407592	EPN	FOLH1	40
hsa04014	Ras signaling pathway	0.08191808191808192	EPN	FOLH1	40
hsa04110	Cell cycle	0.08191808191808192	EPN	FOLH1	40
hsa00500	Starch and sucrose metabolism	0.0959040959040959	EPN	FOLH1	40
hsa04152	AMPK signaling pathway	0.0969030969030969	EPN	FOLH1	40
hsa04520	Adherens junction	0.0969030969030969	EPN	FOLH1	40
hsa00830	Retinol metabolism	0.0979020979020979	EPN	FOLH1	40
hsa04530	Tight junction	0.0989010989010989	EPN	FOLH1	40
hsa04724	Glutamatergic synapse	0.0989010989010989	EPN	FOLH1	40
hsa04640	Hematopoietic cell lineage	0.0999000999000999	EPN	FOLH1	40
hsa04012	ErbB signaling pathway	0.1038961038961039	EPN	FOLH1	40
hsa04725	Cholinergic synapse	0.1068931068931069	EPN	FOLH1	40
hsa04728	Dopaminergic synapse	0.11388611388611389	EPN	FOLH1	40
hsa04115	p53 signaling pathway	0.11688311688311688	EPN	FOLH1	40
hsa04912	GnRH signaling pathway	0.11788211788211789	EPN	FOLH1	40
hsa00270	Cysteine and methionine metabolism	0.11888111888111888	EPN	FOLH1	40
hsa04914	Progesterone-mediated oocyte maturation	0.11888111888111888	EPN	FOLH1	40
hsa04350	TGF-beta signaling pathway	0.1258741258741259	EPN	FOLH1	40
hsa04916	Melanogenesis	0.12787212787212787	EPN	FOLH1	40
hsa04024	cAMP signaling pathway	0.13186813186813187	EPN	FOLH1	40
hsa04919	Thyroid hormone signaling pathway	0.14285714285714285	EPN	FOLH1	40
hsa04664	Fc epsilon RI signaling pathway	0.14585414585414586	EPN	FOLH1	40
hsa04261	Adrenergic signaling in cardiomyocytes	0.14885114885114886	EPN	FOLH1	40
hsa04723	Retrograde endocannabinoid signaling	0.15184815184815184	EPN	FOLH1	40
hsa04922	Glucagon signaling pathway	0.15184815184815184	EPN	FOLH1	40
hsa04713	Circadian entrainment	0.15284715284715283	EPN	FOLH1	40
hsa04142	Lysosome	0.15684315684315683	EPN	FOLH1	40
hsa00982	Drug metabolism - cytochrome P450	0.16583416583416583	EPN	FOLH1	40
hsa03050	Proteasome	0.16783216783216784	EPN	FOLH1	40
hsa00410	beta-Alanine metabolism	0.17382617382617382	EPN	FOLH1	40
hsa04750	Inflammatory mediator regulation of TRP channels	0.17382617382617382	EPN	FOLH1	40
hsa00480	Glutathione metabolism	0.18981018981018982	EPN	FOLH1	40
hsa00590	Arachidonic acid metabolism	0.18981018981018982	EPN	FOLH1	40
hsa00620	Pyruvate metabolism	0.2007992007992008	EPN	FOLH1	40
hsa03440	Homologous recombination	0.2007992007992008	EPN	FOLH1	40
hsa00980	Metabolism of xenobiotics by cytochrome P450	0.2017982017982018	EPN	FOLH1	40
hsa00310	Lysine degradation	0.20279720279720279	EPN	FOLH1	40
hsa00561	Glycerolipid metabolism	0.2097902097902098	EPN	FOLH1	40
hsa04918	Thyroid hormone synthesis	0.23176823176823177	EPN	FOLH1	40
hsa04071	Sphingolipid signaling pathway	0.23576423576423577	EPN	FOLH1	40
hsa04976	Bile secretion	0.24175824175824176	EPN	FOLH1	40
hsa04512	ECM-receptor interaction	0.24575424575424576	EPN	FOLH1	40
hsa00051	Fructose and mannose metabolism	0.25774225774225773	EPN	FOLH1	40
hsa03030	DNA replication	0.25774225774225773	EPN	FOLH1	40
hsa03410	Base excision repair	0.3116883116883117	EPN	FOLH1	40
hsa04130	SNARE interactions in vesicular transport	0.32167832167832167	EPN	FOLH1	40
hsa04961	Endocrine and other factor-regulated calcium reabsorption	0.4275724275724276	EPN	FOLH1	40
hsa00970	Aminoacyl-tRNA biosynthesis	0.44155844155844154	EPN	FOLH1	40
hsa03022	Basal transcription factors	0.5194805194805194	EPN	FOLH1	40
hsa00052	Galactose metabolism	0.5374625374625375	EPN	FOLH1	40
hsa04727	GABAergic synapse	0.5774225774225774	EPN	FOLH1	40
hsa00600	Sphingolipid metabolism	0.6423576423576424	EPN	FOLH1	40
hsa04915	Estrogen signaling pathway	0.08291708291708291	ATRT	SLC7A5	10
hsa04919	Thyroid hormone signaling pathway	0.08791208791208792	ATRT	SLC7A5	10
hsa04910	Insulin signaling pathway	0.08891108891108891	ATRT	SLC7A5	10
hsa04961	Endocrine and other factor-regulated calcium reabsorption	0.09090909090909091	ATRT	SLC7A5	10
hsa00280	Valine, leucine and isoleucine degradation	0.09290709290709291	ATRT	SLC7A5	10
hsa04666	Fc gamma R-mediated phagocytosis	0.09290709290709291	ATRT	SLC7A5	10
hsa04912	GnRH signaling pathway	0.09290709290709291	ATRT	SLC7A5	10
hsa04917	Prolactin signaling pathway	0.09290709290709291	ATRT	SLC7A5	10
hsa04370	VEGF signaling pathway	0.09490509490509491	ATRT	SLC7A5	10
hsa04020	Calcium signaling pathway	0.0959040959040959	ATRT	SLC7A5	10
hsa03030	DNA replication	0.0969030969030969	ATRT	SLC7A5	10
hsa00010	Glycolysis / Gluconeogenesis	0.0979020979020979	ATRT	SLC7A5	10
hsa00500	Starch and sucrose metabolism	0.0979020979020979	ATRT	SLC7A5	10
hsa04024	cAMP signaling pathway	0.0979020979020979	ATRT	SLC7A5	10
hsa04140	Regulation of autophagy	0.0979020979020979	ATRT	SLC7A5	10
hsa00640	Propanoate metabolism	0.0989010989010989	ATRT	SLC7A5	10
hsa00250	Alanine, aspartate and glutamate metabolism	0.0999000999000999	ATRT	SLC7A5	10
hsa04015	Rap1 signaling pathway	0.1008991008991009	ATRT	SLC7A5	10
hsa04068	FoxO signaling pathway	0.1008991008991009	ATRT	SLC7A5	10
hsa04010	MAPK signaling pathway	0.1018981018981019	ATRT	SLC7A5	10
hsa04630	Jak-STAT signaling pathway	0.1018981018981019	ATRT	SLC7A5	10
hsa04260	Cardiac muscle contraction	0.1028971028971029	ATRT	SLC7A5	10
hsa04664	Fc epsilon RI signaling pathway	0.1038961038961039	ATRT	SLC7A5	10
hsa04922	Glucagon signaling pathway	0.1038961038961039	ATRT	SLC7A5	10
hsa01230	Biosynthesis of amino acids	0.1048951048951049	ATRT	SLC7A5	10
hsa03010	Ribosome	0.1048951048951049	ATRT	SLC7A5	10
hsa04115	p53 signaling pathway	0.1048951048951049	ATRT	SLC7A5	10
hsa01200	Carbon metabolism	0.10589410589410589	ATRT	SLC7A5	10
hsa04070	Phosphatidylinositol signaling system	0.10589410589410589	ATRT	SLC7A5	10
hsa04062	Chemokine signaling pathway	0.1068931068931069	ATRT	SLC7A5	10
hsa04911	Insulin secretion	0.10789210789210789	ATRT	SLC7A5	10
hsa00051	Fructose and mannose metabolism	0.1088911088911089	ATRT	SLC7A5	10
hsa04210	Apoptosis	0.10989010989010989	ATRT	SLC7A5	10
hsa00071	Fatty acid degradation	0.11288711288711288	ATRT	SLC7A5	10
hsa04150	mTOR signaling pathway	0.11288711288711288	ATRT	SLC7A5	10
hsa04611	Platelet activation	0.12387612387612387	ATRT	SLC7A5	10
hsa04810	Regulation of actin cytoskeleton	0.18681318681318682	ATRT	SLC7A5	10
hsa04530	Tight junction	0.1888111888111888	ATRT	SLC7A5	10
hsa04512	ECM-receptor interaction	0.18981018981018982	ATRT	SLC7A5	10
hsa04060	Cytokine-cytokine receptor interaction	0.19080919080919082	ATRT	SLC7A5	10
hsa04660	T cell receptor signaling pathway	0.19080919080919082	ATRT	SLC7A5	10
hsa04668	TNF signaling pathway	0.19080919080919082	ATRT	SLC7A5	10
hsa04080	Neuroactive ligand-receptor interaction	0.1918081918081918	ATRT	SLC7A5	10
hsa04723	Retrograde endocannabinoid signaling	0.1938061938061938	ATRT	SLC7A5	10
hsa04972	Pancreatic secretion	0.1938061938061938	ATRT	SLC7A5	10
hsa04066	HIF-1 signaling pathway	0.1958041958041958	ATRT	SLC7A5	10
hsa04261	Adrenergic signaling in cardiomyocytes	0.1958041958041958	ATRT	SLC7A5	10
hsa04620	Toll-like receptor signaling pathway	0.19880119880119881	ATRT	SLC7A5	10
hsa04713	Circadian entrainment	0.19880119880119881	ATRT	SLC7A5	10
hsa04971	Gastric acid secretion	0.19880119880119881	ATRT	SLC7A5	10
hsa04310	Wnt signaling pathway	0.1998001998001998	ATRT	SLC7A5	10
hsa04022	cGMP-PKG signaling pathway	0.20279720279720279	ATRT	SLC7A5	10
hsa04071	Sphingolipid signaling pathway	0.20679320679320679	ATRT	SLC7A5	10
hsa04725	Cholinergic synapse	0.20679320679320679	ATRT	SLC7A5	10
hsa03015	mRNA surveillance pathway	0.2087912087912088	ATRT	SLC7A5	10
hsa00020	Citrate cycle (TCA cycle)	0.2097902097902098	ATRT	SLC7A5	10
hsa03008	Ribosome biogenesis in eukaryotes	0.2097902097902098	ATRT	SLC7A5	10
hsa04670	Leukocyte transendothelial migration	0.21078921078921078	ATRT	SLC7A5	10
hsa04146	Peroxisome	0.21178821178821178	ATRT	SLC7A5	10
hsa04120	Ubiquitin mediated proteolysis	0.2127872127872128	ATRT	SLC7A5	10
hsa00330	Arginine and proline metabolism	0.22077922077922077	ATRT	SLC7A5	10
hsa00561	Glycerolipid metabolism	0.22277722277722278	ATRT	SLC7A5	10
hsa00564	Glycerophospholipid metabolism	0.22477522477522477	ATRT	SLC7A5	10
hsa04110	Cell cycle	0.2707292707292707	ATRT	SLC7A5	10
hsa04621	NOD-like receptor signaling pathway	0.27172827172827174	ATRT	SLC7A5	10
hsa04978	Mineral absorption	0.2757242757242757	ATRT	SLC7A5	10
hsa04514	Cell adhesion molecules (CAMs)	0.29270729270729273	ATRT	SLC7A5	10
hsa04662	B cell receptor signaling pathway	0.29270729270729273	ATRT	SLC7A5	10
hsa04921	Oxytocin signaling pathway	0.2947052947052947	ATRT	SLC7A5	10
hsa04145	Phagosome	0.2977022977022977	ATRT	SLC7A5	10
hsa04724	Glutamatergic synapse	0.2977022977022977	ATRT	SLC7A5	10
hsa04920	Adipocytokine signaling pathway	0.2987012987012987	ATRT	SLC7A5	10
hsa04151	PI3K-Akt signaling pathway	0.3006993006993007	ATRT	SLC7A5	10
hsa04976	Bile secretion	0.3026973026973027	ATRT	SLC7A5	10
hsa00270	Cysteine and methionine metabolism	0.3046953046953047	ATRT	SLC7A5	10
hsa04014	Ras signaling pathway	0.3046953046953047	ATRT	SLC7A5	10
hsa03320	PPAR signaling pathway	0.3066933066933067	ATRT	SLC7A5	10
hsa00520	Amino sugar and nucleotide sugar metabolism	0.3106893106893107	ATRT	SLC7A5	10
hsa04270	Vascular smooth muscle contraction	0.3106893106893107	ATRT	SLC7A5	10
hsa04730	Long-term depression	0.3106893106893107	ATRT	SLC7A5	10
hsa04728	Dopaminergic synapse	0.31368631368631367	ATRT	SLC7A5	10
hsa04064	NF-kappa B signaling pathway	0.3146853146853147	ATRT	SLC7A5	10
hsa04974	Protein digestion and absorption	0.3226773226773227	ATRT	SLC7A5	10
hsa04130	SNARE interactions in vesicular transport	0.3786213786213786	ATRT	SLC7A5	10
hsa04622	RIG-I-like receptor signaling pathway	0.38461538461538464	ATRT	SLC7A5	10
hsa00510	N-Glycan biosynthesis	0.3906093906093906	ATRT	SLC7A5	10
hsa04726	Serotonergic synapse	0.3936063936063936	ATRT	SLC7A5	10
hsa04141	Protein processing in endoplasmic reticulum	0.3956043956043956	ATRT	SLC7A5	10
hsa04144	Endocytosis	0.3966033966033966	ATRT	SLC7A5	10
hsa04720	Long-term potentiation	0.4025974025974026	ATRT	SLC7A5	10
hsa00052	Galactose metabolism	0.4035964035964036	ATRT	SLC7A5	10
hsa04152	AMPK signaling pathway	0.4035964035964036	ATRT	SLC7A5	10
hsa04350	TGF-beta signaling pathway	0.4035964035964036	ATRT	SLC7A5	10
hsa04380	Osteoclast differentiation	0.4085914085914086	ATRT	SLC7A5	10
hsa04623	Cytosolic DNA-sensing pathway	0.4115884115884116	ATRT	SLC7A5	10
hsa03013	RNA transport	0.4125874125874126	ATRT	SLC7A5	10
hsa04721	Synaptic vesicle cycle	0.4125874125874126	ATRT	SLC7A5	10
hsa04918	Thyroid hormone synthesis	0.4145854145854146	ATRT	SLC7A5	10
hsa04913	Ovarian steroidogenesis	0.4155844155844156	ATRT	SLC7A5	10
hsa04114	Oocyte meiosis	0.41858141858141856	ATRT	SLC7A5	10
hsa00230	Purine metabolism	0.4195804195804196	ATRT	SLC7A5	10
hsa04916	Melanogenesis	0.4205794205794206	ATRT	SLC7A5	10
hsa00970	Aminoacyl-tRNA biosynthesis	0.42357642357642356	ATRT	SLC7A5	10
hsa03022	Basal transcription factors	0.47352647352647353	ATRT	SLC7A5	10
hsa04612	Antigen processing and presentation	0.47652347652347654	ATRT	SLC7A5	10
hsa04520	Adherens junction	0.4905094905094905	ATRT	SLC7A5	10
hsa04540	Gap junction	0.4955044955044955	ATRT	SLC7A5	10
hsa04914	Progesterone-mediated oocyte maturation	0.4955044955044955	ATRT	SLC7A5	10
hsa04330	Notch signaling pathway	0.4985014985014985	ATRT	SLC7A5	10
hsa00030	Pentose phosphate pathway	0.5034965034965035	ATRT	SLC7A5	10
hsa00562	Inositol phosphate metabolism	0.5034965034965035	ATRT	SLC7A5	10
hsa04722	Neurotrophin signaling pathway	0.5064935064935064	ATRT	SLC7A5	10
hsa00980	Metabolism of xenobiotics by cytochrome P450	0.5104895104895105	ATRT	SLC7A5	10
hsa00590	Arachidonic acid metabolism	0.5164835164835165	ATRT	SLC7A5	10
hsa04510	Focal adhesion	0.5164835164835165	ATRT	SLC7A5	10
hsa04340	Hedgehog signaling pathway	0.5184815184815185	ATRT	SLC7A5	10
hsa04142	Lysosome	0.5194805194805194	ATRT	SLC7A5	10
hsa04550	Signaling pathways regulating pluripotency of stem cells	0.5284715284715285	ATRT	SLC7A5	10
hsa04750	Inflammatory mediator regulation of TRP channels	0.5794205794205795	ATRT	SLC7A5	10
hsa04710	Circadian rhythm	0.5804195804195804	ATRT	SLC7A5	10
hsa00982	Drug metabolism - cytochrome P450	0.5874125874125874	ATRT	SLC7A5	10
hsa04610	Complement and coagulation cascades	0.5914085914085914	ATRT	SLC7A5	10
hsa03410	Base excision repair	0.5984015984015985	ATRT	SLC7A5	10
hsa00620	Pyruvate metabolism	0.6053946053946054	ATRT	SLC7A5	10
hsa00630	Glyoxylate and dicarboxylate metabolism	0.6103896103896104	ATRT	SLC7A5	10
hsa03018	RNA degradation	0.6103896103896104	ATRT	SLC7A5	10
hsa00240	Pyrimidine metabolism	0.6143856143856143	ATRT	SLC7A5	10
hsa00190	Oxidative phosphorylation	0.6883116883116883	ATRT	SLC7A5	10
hsa04012	ErbB signaling pathway	0.6923076923076923	ATRT	SLC7A5	10
hsa04390	Hippo signaling pathway	0.6933066933066933	ATRT	SLC7A5	10
hsa04970	Salivary secretion	0.6953046953046953	ATRT	SLC7A5	10
hsa04672	Intestinal immune network for IgA production	0.6963036963036963	ATRT	SLC7A5	10
hsa04650	Natural killer cell mediated cytotoxicity	0.7022977022977023	ATRT	SLC7A5	10
hsa04727	GABAergic synapse	0.7062937062937062	ATRT	SLC7A5	10
hsa00480	Glutathione metabolism	0.7072927072927073	ATRT	SLC7A5	10
hsa04962	Vasopressin-regulated water reabsorption	0.7162837162837162	ATRT	SLC7A5	10
hsa04640	Hematopoietic cell lineage	0.7842157842157842	ATRT	SLC7A5	10
hsa00760	Nicotinate and nicotinamide metabolism	0.7982017982017982	ATRT	SLC7A5	10
hsa04360	Axon guidance	0.8061938061938062	ATRT	SLC7A5	10
hsa03040	Spliceosome	0.8211788211788211	ATRT	SLC7A5	10
hsa00565	Ether lipid metabolism	0.8221778221778222	ATRT	SLC7A5	10
hsa00350	Tyrosine metabolism	0.8851148851148851	ATRT	SLC7A5	10
hsa01212	Fatty acid metabolism	0.8891108891108891	ATRT	SLC7A5	10
hsa03050	Proteasome	0.8921078921078921	ATRT	SLC7A5	10
hsa00310	Lysine degradation	0.8931068931068931	ATRT	SLC7A5	10
hsa04960	Aldosterone-regulated sodium reabsorption	0.9050949050949051	ATRT	SLC7A5	10
hsa00260	Glycine, serine and threonine metabolism	1	ATRT	SLC7A5	10
hsa00600	Sphingolipid metabolism	1	ATRT	SLC7A5	10
hsa00565	Ether lipid metabolism	9.99000999000999e-4	Medullo	SLC1A5	15
hsa01200	Carbon metabolism	9.99000999000999e-4	Medullo	SLC1A5	15
hsa03018	RNA degradation	9.99000999000999e-4	Medullo	SLC1A5	15
hsa04066	HIF-1 signaling pathway	9.99000999000999e-4	Medullo	SLC1A5	15
hsa04310	Wnt signaling pathway	9.99000999000999e-4	Medullo	SLC1A5	15
hsa04360	Axon guidance	0.001998001998001998	Medullo	SLC1A5	15
hsa00590	Arachidonic acid metabolism	0.002997002997002997	Medullo	SLC1A5	15
hsa04145	Phagosome	0.002997002997002997	Medullo	SLC1A5	15
hsa04012	ErbB signaling pathway	0.003996003996003996	Medullo	SLC1A5	15
hsa04330	Notch signaling pathway	0.003996003996003996	Medullo	SLC1A5	15
hsa00520	Amino sugar and nucleotide sugar metabolism	0.004995004995004995	Medullo	SLC1A5	15
hsa04750	Inflammatory mediator regulation of TRP channels	0.007992007992007992	Medullo	SLC1A5	15
hsa04914	Progesterone-mediated oocyte maturation	0.008991008991008992	Medullo	SLC1A5	15
hsa04510	Focal adhesion	0.00999000999000999	Medullo	SLC1A5	15
hsa00051	Fructose and mannose metabolism	0.01098901098901099	Medullo	SLC1A5	15
hsa04390	Hippo signaling pathway	0.01098901098901099	Medullo	SLC1A5	15
hsa04550	Signaling pathways regulating pluripotency of stem cells	0.011988011988011988	Medullo	SLC1A5	15
hsa04261	Adrenergic signaling in cardiomyocytes	0.015984015984015984	Medullo	SLC1A5	15
hsa04514	Cell adhesion molecules (CAMs)	0.017982017982017984	Medullo	SLC1A5	15
hsa04976	Bile secretion	0.017982017982017984	Medullo	SLC1A5	15
hsa00600	Sphingolipid metabolism	0.01898101898101898	Medullo	SLC1A5	15
hsa04921	Oxytocin signaling pathway	0.01898101898101898	Medullo	SLC1A5	15
hsa04668	TNF signaling pathway	0.02197802197802198	Medullo	SLC1A5	15
hsa04912	GnRH signaling pathway	0.02197802197802198	Medullo	SLC1A5	15
hsa04110	Cell cycle	0.026973026973026972	Medullo	SLC1A5	15
hsa04062	Chemokine signaling pathway	0.030969030969030968	Medullo	SLC1A5	15
hsa04725	Cholinergic synapse	0.03196803196803197	Medullo	SLC1A5	15
hsa04270	Vascular smooth muscle contraction	0.03496503496503497	Medullo	SLC1A5	15
hsa04611	Platelet activation	0.03496503496503497	Medullo	SLC1A5	15
hsa04972	Pancreatic secretion	0.03496503496503497	Medullo	SLC1A5	15
hsa04660	T cell receptor signaling pathway	0.03696303696303696	Medullo	SLC1A5	15
hsa04520	Adherens junction	0.03796203796203796	Medullo	SLC1A5	15
hsa04666	Fc gamma R-mediated phagocytosis	0.04095904095904096	Medullo	SLC1A5	15
hsa04640	Hematopoietic cell lineage	0.04195804195804196	Medullo	SLC1A5	15
hsa04974	Protein digestion and absorption	0.04395604395604396	Medullo	SLC1A5	15
hsa00310	Lysine degradation	0.04495504495504495	Medullo	SLC1A5	15
hsa00010	Glycolysis / Gluconeogenesis	0.04795204795204795	Medullo	SLC1A5	15
hsa00020	Citrate cycle (TCA cycle)	0.04795204795204795	Medullo	SLC1A5	15
hsa04810	Regulation of actin cytoskeleton	0.04995004995004995	Medullo	SLC1A5	15
hsa04664	Fc epsilon RI signaling pathway	0.054945054945054944	Medullo	SLC1A5	15
hsa04151	PI3K-Akt signaling pathway	0.055944055944055944	Medullo	SLC1A5	15
hsa04370	VEGF signaling pathway	0.058941058941058944	Medullo	SLC1A5	15
hsa00561	Glycerolipid metabolism	0.059940059940059943	Medullo	SLC1A5	15
hsa04022	cGMP-PKG signaling pathway	0.060939060939060936	Medullo	SLC1A5	15
hsa04060	Cytokine-cytokine receptor interaction	0.06293706293706294	Medullo	SLC1A5	15
hsa04010	MAPK signaling pathway	0.06593406593406594	Medullo	SLC1A5	15
hsa00052	Galactose metabolism	0.06893106893106893	Medullo	SLC1A5	15
hsa04922	Glucagon signaling pathway	0.06893106893106893	Medullo	SLC1A5	15
hsa00620	Pyruvate metabolism	0.07192807192807193	Medullo	SLC1A5	15
hsa00250	Alanine, aspartate and glutamate metabolism	0.07292707292707293	Medullo	SLC1A5	15
hsa04670	Leukocyte transendothelial migration	0.07792207792207792	Medullo	SLC1A5	15
hsa04120	Ubiquitin mediated proteolysis	0.07892107892107893	Medullo	SLC1A5	15
hsa04340	Hedgehog signaling pathway	0.08791208791208792	Medullo	SLC1A5	15
hsa04141	Protein processing in endoplasmic reticulum	0.09090909090909091	Medullo	SLC1A5	15
hsa03013	RNA transport	0.09290709290709291	Medullo	SLC1A5	15
hsa03015	mRNA surveillance pathway	0.09290709290709291	Medullo	SLC1A5	15
hsa04071	Sphingolipid signaling pathway	0.0959040959040959	Medullo	SLC1A5	15
hsa04911	Insulin secretion	0.0989010989010989	Medullo	SLC1A5	15
hsa04015	Rap1 signaling pathway	0.0999000999000999	Medullo	SLC1A5	15
hsa04915	Estrogen signaling pathway	0.1018981018981019	Medullo	SLC1A5	15
hsa04961	Endocrine and other factor-regulated calcium reabsorption	0.1028971028971029	Medullo	SLC1A5	15
hsa00500	Starch and sucrose metabolism	0.1038961038961039	Medullo	SLC1A5	15
hsa04024	cAMP signaling pathway	0.1048951048951049	Medullo	SLC1A5	15
hsa04064	NF-kappa B signaling pathway	0.1048951048951049	Medullo	SLC1A5	15
hsa03050	Proteasome	0.10589410589410589	Medullo	SLC1A5	15
hsa04020	Calcium signaling pathway	0.10789210789210789	Medullo	SLC1A5	15
hsa00970	Aminoacyl-tRNA biosynthesis	0.10989010989010989	Medullo	SLC1A5	15
hsa04917	Prolactin signaling pathway	0.10989010989010989	Medullo	SLC1A5	15
hsa04728	Dopaminergic synapse	0.11288711288711288	Medullo	SLC1A5	15
hsa04916	Melanogenesis	0.11688311688311688	Medullo	SLC1A5	15
hsa04621	NOD-like receptor signaling pathway	0.12187812187812187	Medullo	SLC1A5	15
hsa04350	TGF-beta signaling pathway	0.12387612387612387	Medullo	SLC1A5	15
hsa04630	Jak-STAT signaling pathway	0.1258741258741259	Medullo	SLC1A5	15
hsa00564	Glycerophospholipid metabolism	0.12687312687312688	Medullo	SLC1A5	15
hsa03010	Ribosome	0.12787212787212787	Medullo	SLC1A5	15
hsa04014	Ras signaling pathway	0.13086913086913088	Medullo	SLC1A5	15
hsa04713	Circadian entrainment	0.13786213786213786	Medullo	SLC1A5	15
hsa04724	Glutamatergic synapse	0.14285714285714285	Medullo	SLC1A5	15
hsa04623	Cytosolic DNA-sensing pathway	0.15384615384615385	Medullo	SLC1A5	15
hsa04971	Gastric acid secretion	0.15384615384615385	Medullo	SLC1A5	15
hsa03410	Base excision repair	0.15784215784215785	Medullo	SLC1A5	15
hsa00071	Fatty acid degradation	0.16083916083916083	Medullo	SLC1A5	15
hsa03022	Basal transcription factors	0.17382617382617382	Medullo	SLC1A5	15
hsa04146	Peroxisome	0.17482517482517482	Medullo	SLC1A5	15
hsa04919	Thyroid hormone signaling pathway	0.17482517482517482	Medullo	SLC1A5	15
hsa04080	Neuroactive ligand-receptor interaction	0.1798201798201798	Medullo	SLC1A5	15
hsa00330	Arginine and proline metabolism	0.19080919080919082	Medullo	SLC1A5	15
hsa04210	Apoptosis	0.19080919080919082	Medullo	SLC1A5	15
hsa04152	AMPK signaling pathway	0.1928071928071928	Medullo	SLC1A5	15
hsa04910	Insulin signaling pathway	0.1938061938061938	Medullo	SLC1A5	15
hsa04530	Tight junction	0.1968031968031968	Medullo	SLC1A5	15
hsa04070	Phosphatidylinositol signaling system	0.19880119880119881	Medullo	SLC1A5	15
hsa04722	Neurotrophin signaling pathway	0.2007992007992008	Medullo	SLC1A5	15
hsa00230	Purine metabolism	0.2017982017982018	Medullo	SLC1A5	15
hsa04068	FoxO signaling pathway	0.20279720279720279	Medullo	SLC1A5	15
hsa04730	Long-term depression	0.20279720279720279	Medullo	SLC1A5	15
hsa04150	mTOR signaling pathway	0.2097902097902098	Medullo	SLC1A5	15
hsa04970	Salivary secretion	0.2137862137862138	Medullo	SLC1A5	15
hsa04612	Antigen processing and presentation	0.21478521478521478	Medullo	SLC1A5	15
hsa03030	DNA replication	0.2217782217782218	Medullo	SLC1A5	15
hsa04142	Lysosome	0.22377622377622378	Medullo	SLC1A5	15
hsa04964	Proximal tubule bicarbonate reclamation	0.23376623376623376	Medullo	SLC1A5	15
hsa01230	Biosynthesis of amino acids	0.23476523476523475	Medullo	SLC1A5	15
hsa04913	Ovarian steroidogenesis	0.23776223776223776	Medullo	SLC1A5	15
hsa03020	RNA polymerase	0.24375624375624375	Medullo	SLC1A5	15
hsa04650	Natural killer cell mediated cytotoxicity	0.24375624375624375	Medullo	SLC1A5	15
hsa00240	Pyrimidine metabolism	0.26873126873126874	Medullo	SLC1A5	15
hsa00190	Oxidative phosphorylation	0.2757242757242757	Medullo	SLC1A5	15
hsa04726	Serotonergic synapse	0.27972027972027974	Medullo	SLC1A5	15
hsa04620	Toll-like receptor signaling pathway	0.2837162837162837	Medullo	SLC1A5	15
hsa04114	Oocyte meiosis	0.3036963036963037	Medullo	SLC1A5	15
hsa03420	Nucleotide excision repair	0.3106893106893107	Medullo	SLC1A5	15
hsa00562	Inositol phosphate metabolism	0.31368631368631367	Medullo	SLC1A5	15
hsa04140	Regulation of autophagy	0.3166833166833167	Medullo	SLC1A5	15
hsa04978	Mineral absorption	0.3196803196803197	Medullo	SLC1A5	15
hsa04920	Adipocytokine signaling pathway	0.32967032967032966	Medullo	SLC1A5	15
hsa04727	GABAergic synapse	0.3436563436563437	Medullo	SLC1A5	15
hsa00280	Valine, leucine and isoleucine degradation	0.34965034965034963	Medullo	SLC1A5	15
hsa04130	SNARE interactions in vesicular transport	0.35364635364635366	Medullo	SLC1A5	15
hsa03320	PPAR signaling pathway	0.36163836163836166	Medullo	SLC1A5	15
hsa00983	Drug metabolism - other enzymes	0.3776223776223776	Medullo	SLC1A5	15
hsa03008	Ribosome biogenesis in eukaryotes	0.3786213786213786	Medullo	SLC1A5	15
hsa04144	Endocytosis	0.3866133866133866	Medullo	SLC1A5	15
hsa04662	B cell receptor signaling pathway	0.38961038961038963	Medullo	SLC1A5	15
hsa04723	Retrograde endocannabinoid signaling	0.41858141858141856	Medullo	SLC1A5	15
hsa00270	Cysteine and methionine metabolism	0.42357642357642356	Medullo	SLC1A5	15
hsa04962	Vasopressin-regulated water reabsorption	0.4275724275724276	Medullo	SLC1A5	15
hsa04710	Circadian rhythm	0.43156843156843155	Medullo	SLC1A5	15
hsa04742	Taste transduction	0.43756243756243757	Medullo	SLC1A5	15
hsa01212	Fatty acid metabolism	0.47052947052947053	Medullo	SLC1A5	15
hsa00030	Pentose phosphate pathway	0.4775224775224775	Medullo	SLC1A5	15
hsa04610	Complement and coagulation cascades	0.4955044955044955	Medullo	SLC1A5	15
hsa04512	ECM-receptor interaction	0.5054945054945055	Medullo	SLC1A5	15
hsa00410	beta-Alanine metabolism	0.5224775224775224	Medullo	SLC1A5	15
hsa04721	Synaptic vesicle cycle	0.5344655344655345	Medullo	SLC1A5	15
hsa03040	Spliceosome	0.5594405594405595	Medullo	SLC1A5	15
hsa04720	Long-term potentiation	0.5614385614385614	Medullo	SLC1A5	15
hsa00510	N-Glycan biosynthesis	0.5944055944055944	Medullo	SLC1A5	15
hsa04380	Osteoclast differentiation	0.5984015984015985	Medullo	SLC1A5	15
hsa04540	Gap junction	0.6163836163836164	Medullo	SLC1A5	15
hsa00340	Histidine metabolism	0.6193806193806194	Medullo	SLC1A5	15
hsa04622	RIG-I-like receptor signaling pathway	0.6293706293706294	Medullo	SLC1A5	15
hsa04115	p53 signaling pathway	0.6453546453546454	Medullo	SLC1A5	15
hsa00350	Tyrosine metabolism	0.6483516483516484	Medullo	SLC1A5	15
hsa04960	Aldosterone-regulated sodium reabsorption	0.6713286713286714	Medullo	SLC1A5	15
hsa00982	Drug metabolism - cytochrome P450	0.7252747252747253	Medullo	SLC1A5	15
hsa00480	Glutathione metabolism	0.7782217782217782	Medullo	SLC1A5	15
hsa04260	Cardiac muscle contraction	0.8561438561438561	Medullo	SLC1A5	15
hsa00980	Metabolism of xenobiotics by cytochrome P450	0.8861138861138861	Medullo	SLC1A5	15
hsa04918	Thyroid hormone synthesis	0.922077922077922	Medullo	SLC1A5	15
hsa03320	PPAR signaling pathway	0.002997002997002997	EPN	SLC1A5	10
hsa04976	Bile secretion	0.005994005994005994	EPN	SLC1A5	10
hsa04910	Insulin signaling pathway	0.007992007992007992	EPN	SLC1A5	10
hsa04380	Osteoclast differentiation	0.008991008991008992	EPN	SLC1A5	10
hsa04710	Circadian rhythm	0.008991008991008992	EPN	SLC1A5	10
hsa03030	DNA replication	0.014985014985014986	EPN	SLC1A5	10
hsa04917	Prolactin signaling pathway	0.014985014985014986	EPN	SLC1A5	10
hsa04015	Rap1 signaling pathway	0.015984015984015984	EPN	SLC1A5	10
hsa04970	Salivary secretion	0.015984015984015984	EPN	SLC1A5	10
hsa00982	Drug metabolism - cytochrome P450	0.01898101898101898	EPN	SLC1A5	10
hsa04961	Endocrine and other factor-regulated calcium reabsorption	0.027972027972027972	EPN	SLC1A5	10
hsa04071	Sphingolipid signaling pathway	0.03196803196803197	EPN	SLC1A5	10
hsa00830	Retinol metabolism	0.03396603396603397	EPN	SLC1A5	10
hsa04520	Adherens junction	0.03396603396603397	EPN	SLC1A5	10
hsa04971	Gastric acid secretion	0.03696303696303696	EPN	SLC1A5	10
hsa04152	AMPK signaling pathway	0.03896103896103896	EPN	SLC1A5	10
hsa04919	Thyroid hormone signaling pathway	0.04395604395604396	EPN	SLC1A5	10
hsa04650	Natural killer cell mediated cytotoxicity	0.04495504495504495	EPN	SLC1A5	10
hsa04920	Adipocytokine signaling pathway	0.04795204795204795	EPN	SLC1A5	10
hsa04913	Ovarian steroidogenesis	0.054945054945054944	EPN	SLC1A5	10
hsa04725	Cholinergic synapse	0.06293706293706294	EPN	SLC1A5	10
hsa04921	Oxytocin signaling pathway	0.06293706293706294	EPN	SLC1A5	10
hsa04150	mTOR signaling pathway	0.06593406593406594	EPN	SLC1A5	10
hsa04722	Neurotrophin signaling pathway	0.06693306693306693	EPN	SLC1A5	10
hsa00280	Valine, leucine and isoleucine degradation	0.06893106893106893	EPN	SLC1A5	10
hsa04660	T cell receptor signaling pathway	0.07192807192807193	EPN	SLC1A5	10
hsa04120	Ubiquitin mediated proteolysis	0.07592407592407592	EPN	SLC1A5	10
hsa04012	ErbB signaling pathway	0.07992007992007992	EPN	SLC1A5	10
hsa04662	B cell receptor signaling pathway	0.08191808191808192	EPN	SLC1A5	10
hsa04114	Oocyte meiosis	0.08691308691308691	EPN	SLC1A5	10
hsa04810	Regulation of actin cytoskeleton	0.0919080919080919	EPN	SLC1A5	10
hsa00020	Citrate cycle (TCA cycle)	0.0939060939060939	EPN	SLC1A5	10
hsa04115	p53 signaling pathway	0.09490509490509491	EPN	SLC1A5	10
hsa04022	cGMP-PKG signaling pathway	0.0969030969030969	EPN	SLC1A5	10
hsa04728	Dopaminergic synapse	0.1048951048951049	EPN	SLC1A5	10
hsa04261	Adrenergic signaling in cardiomyocytes	0.12087912087912088	EPN	SLC1A5	10
hsa04390	Hippo signaling pathway	0.12387612387612387	EPN	SLC1A5	10
hsa04915	Estrogen signaling pathway	0.12487512487512488	EPN	SLC1A5	10
hsa00600	Sphingolipid metabolism	0.1258741258741259	EPN	SLC1A5	10
hsa04151	PI3K-Akt signaling pathway	0.1258741258741259	EPN	SLC1A5	10
hsa04024	cAMP signaling pathway	0.12887112887112886	EPN	SLC1A5	10
hsa04142	Lysosome	0.12987012987012986	EPN	SLC1A5	10
hsa04550	Signaling pathways regulating pluripotency of stem cells	0.13386613386613386	EPN	SLC1A5	10
hsa04630	Jak-STAT signaling pathway	0.14185814185814186	EPN	SLC1A5	10
hsa00980	Metabolism of xenobiotics by cytochrome P450	0.14285714285714285	EPN	SLC1A5	10
hsa04721	Synaptic vesicle cycle	0.14485514485514486	EPN	SLC1A5	10
hsa00562	Inositol phosphate metabolism	0.15484515484515485	EPN	SLC1A5	10
hsa03410	Base excision repair	0.15784215784215785	EPN	SLC1A5	10
hsa04062	Chemokine signaling pathway	0.15784215784215785	EPN	SLC1A5	10
hsa03018	RNA degradation	0.16283716283716285	EPN	SLC1A5	10
hsa04014	Ras signaling pathway	0.17382617382617382	EPN	SLC1A5	10
hsa04730	Long-term depression	0.17582417582417584	EPN	SLC1A5	10
hsa04512	ECM-receptor interaction	0.18081918081918083	EPN	SLC1A5	10
hsa00620	Pyruvate metabolism	0.18281718281718282	EPN	SLC1A5	10
hsa04010	MAPK signaling pathway	0.18581418581418582	EPN	SLC1A5	10
hsa04962	Vasopressin-regulated water reabsorption	0.1928071928071928	EPN	SLC1A5	10
hsa04918	Thyroid hormone synthesis	0.1938061938061938	EPN	SLC1A5	10
hsa04623	Cytosolic DNA-sensing pathway	0.19480519480519481	EPN	SLC1A5	10
hsa04060	Cytokine-cytokine receptor interaction	0.1958041958041958	EPN	SLC1A5	10
hsa04066	HIF-1 signaling pathway	0.1998001998001998	EPN	SLC1A5	10
hsa04146	Peroxisome	0.20679320679320679	EPN	SLC1A5	10
hsa04360	Axon guidance	0.21978021978021978	EPN	SLC1A5	10
hsa04370	VEGF signaling pathway	0.21978021978021978	EPN	SLC1A5	10
hsa01212	Fatty acid metabolism	0.23876123876123875	EPN	SLC1A5	10
hsa04713	Circadian entrainment	0.26073926073926074	EPN	SLC1A5	10
hsa04720	Long-term potentiation	0.26373626373626374	EPN	SLC1A5	10
hsa04916	Melanogenesis	0.26373626373626374	EPN	SLC1A5	10
hsa04960	Aldosterone-regulated sodium reabsorption	0.26373626373626374	EPN	SLC1A5	10
hsa00270	Cysteine and methionine metabolism	0.2677322677322677	EPN	SLC1A5	10
hsa04972	Pancreatic secretion	0.28471528471528473	EPN	SLC1A5	10
hsa00330	Arginine and proline metabolism	0.2977022977022977	EPN	SLC1A5	10
hsa00071	Fatty acid degradation	0.3046953046953047	EPN	SLC1A5	10
hsa04068	FoxO signaling pathway	0.3046953046953047	EPN	SLC1A5	10
hsa04911	Insulin secretion	0.3046953046953047	EPN	SLC1A5	10
hsa03040	Spliceosome	0.3086913086913087	EPN	SLC1A5	10
hsa04070	Phosphatidylinositol signaling system	0.3086913086913087	EPN	SLC1A5	10
hsa00565	Ether lipid metabolism	0.32167832167832167	EPN	SLC1A5	10
hsa04620	Toll-like receptor signaling pathway	0.32667332667332666	EPN	SLC1A5	10
hsa04622	RIG-I-like receptor signaling pathway	0.3306693306693307	EPN	SLC1A5	10
hsa04922	Glucagon signaling pathway	0.34265734265734266	EPN	SLC1A5	10
hsa04540	Gap junction	0.38161838161838163	EPN	SLC1A5	10
hsa03015	mRNA surveillance pathway	0.38461538461538464	EPN	SLC1A5	10
hsa04210	Apoptosis	0.3936063936063936	EPN	SLC1A5	10
hsa04330	Notch signaling pathway	0.4025974025974026	EPN	SLC1A5	10
hsa04530	Tight junction	0.41858141858141856	EPN	SLC1A5	10
hsa03050	Proteasome	0.42157842157842157	EPN	SLC1A5	10
hsa04978	Mineral absorption	0.4325674325674326	EPN	SLC1A5	10
hsa04140	Regulation of autophagy	0.4385614385614386	EPN	SLC1A5	10
hsa04270	Vascular smooth muscle contraction	0.47052947052947053	EPN	SLC1A5	10
hsa03013	RNA transport	0.47152847152847155	EPN	SLC1A5	10
hsa00590	Arachidonic acid metabolism	0.4775224775224775	EPN	SLC1A5	10
hsa04260	Cardiac muscle contraction	0.48151848151848153	EPN	SLC1A5	10
hsa04621	NOD-like receptor signaling pathway	0.4835164835164835	EPN	SLC1A5	10
hsa04080	Neuroactive ligand-receptor interaction	0.4875124875124875	EPN	SLC1A5	10
hsa04974	Protein digestion and absorption	0.5094905094905094	EPN	SLC1A5	10
hsa00230	Purine metabolism	0.5124875124875125	EPN	SLC1A5	10
hsa00310	Lysine degradation	0.5344655344655345	EPN	SLC1A5	10
hsa00480	Glutathione metabolism	0.5404595404595405	EPN	SLC1A5	10
hsa03022	Basal transcription factors	0.5684315684315684	EPN	SLC1A5	10
hsa01230	Biosynthesis of amino acids	0.5734265734265734	EPN	SLC1A5	10
hsa00520	Amino sugar and nucleotide sugar metabolism	0.5764235764235764	EPN	SLC1A5	10
hsa01200	Carbon metabolism	0.5774225774225774	EPN	SLC1A5	10
hsa04668	TNF signaling pathway	0.5804195804195804	EPN	SLC1A5	10
hsa04975	Fat digestion and absorption	0.5904095904095904	EPN	SLC1A5	10
hsa04664	Fc epsilon RI signaling pathway	0.6223776223776224	EPN	SLC1A5	10
hsa04670	Leukocyte transendothelial migration	0.6263736263736264	EPN	SLC1A5	10
hsa00561	Glycerolipid metabolism	0.6373626373626373	EPN	SLC1A5	10
hsa00250	Alanine, aspartate and glutamate metabolism	0.6413586413586414	EPN	SLC1A5	10
hsa04340	Hedgehog signaling pathway	0.6423576423576424	EPN	SLC1A5	10
hsa00564	Glycerophospholipid metabolism	0.6433566433566433	EPN	SLC1A5	10
hsa00500	Starch and sucrose metabolism	0.6463536463536463	EPN	SLC1A5	10
hsa04020	Calcium signaling pathway	0.6473526473526473	EPN	SLC1A5	10
hsa04310	Wnt signaling pathway	0.6483516483516484	EPN	SLC1A5	10
hsa00350	Tyrosine metabolism	0.6583416583416584	EPN	SLC1A5	10
hsa04724	Glutamatergic synapse	0.6613386613386614	EPN	SLC1A5	10
hsa00240	Pyrimidine metabolism	0.6833166833166833	EPN	SLC1A5	10
hsa04350	TGF-beta signaling pathway	0.6963036963036963	EPN	SLC1A5	10
hsa04726	Serotonergic synapse	0.6973026973026973	EPN	SLC1A5	10
hsa03420	Nucleotide excision repair	0.7022977022977023	EPN	SLC1A5	10
hsa04750	Inflammatory mediator regulation of TRP channels	0.7272727272727273	EPN	SLC1A5	10
hsa04510	Focal adhesion	0.7442557442557443	EPN	SLC1A5	10
hsa04610	Complement and coagulation cascades	0.7522477522477522	EPN	SLC1A5	10
hsa04064	NF-kappa B signaling pathway	0.7592407592407593	EPN	SLC1A5	10
hsa04141	Protein processing in endoplasmic reticulum	0.7642357642357642	EPN	SLC1A5	10
hsa00640	Propanoate metabolism	0.7722277722277723	EPN	SLC1A5	10
hsa04964	Proximal tubule bicarbonate reclamation	0.7902097902097902	EPN	SLC1A5	10
hsa04130	SNARE interactions in vesicular transport	0.7982017982017982	EPN	SLC1A5	10
hsa04914	Progesterone-mediated oocyte maturation	0.8131868131868132	EPN	SLC1A5	10
hsa04727	GABAergic synapse	0.8391608391608392	EPN	SLC1A5	10
hsa00190	Oxidative phosphorylation	0.8461538461538461	EPN	SLC1A5	10
hsa04723	Retrograde endocannabinoid signaling	0.8471528471528471	EPN	SLC1A5	10
hsa00051	Fructose and mannose metabolism	0.8761238761238761	EPN	SLC1A5	10
hsa03008	Ribosome biogenesis in eukaryotes	0.8801198801198801	EPN	SLC1A5	10
hsa00030	Pentose phosphate pathway	0.8871128871128872	EPN	SLC1A5	10
hsa00970	Aminoacyl-tRNA biosynthesis	0.9100899100899101	EPN	SLC1A5	10
hsa04514	Cell adhesion molecules (CAMs)	0.926073926073926	EPN	SLC1A5	10
hsa04912	GnRH signaling pathway	0.9280719280719281	EPN	SLC1A5	10
hsa00410	beta-Alanine metabolism	0.945054945054945	EPN	SLC1A5	10
hsa04672	Intestinal immune network for IgA production	0.954045954045954	EPN	SLC1A5	10
hsa00010	Glycolysis / Gluconeogenesis	0.957042957042957	EPN	SLC1A5	10
hsa03010	Ribosome	0.958041958041958	EPN	SLC1A5	10
hsa04110	Cell cycle	0.971028971028971	EPN	SLC1A5	10
hsa04145	Phagosome	0.972027972027972	EPN	SLC1A5	10
hsa04666	Fc gamma R-mediated phagocytosis	0.972027972027972	EPN	SLC1A5	10
hsa04611	Platelet activation	0.983016983016983	EPN	SLC1A5	10
hsa04640	Hematopoietic cell lineage	0.983016983016983	EPN	SLC1A5	10
hsa04612	Antigen processing and presentation	0.984015984015984	EPN	SLC1A5	10
hsa00510	N-Glycan biosynthesis	0.99000999000999	EPN	SLC1A5	10
hsa00052	Galactose metabolism	0.997002997002997	EPN	SLC1A5	10
hsa04144	Endocytosis	0.998001998001998	EPN	SLC1A5	10
